{
  "meta": {
    "dataset_size": 49999,
    "training_samples": 39999,
    "test_samples": 10000,
    "n_features": 20,
    "feature_cols": [
      "category",
      "device",
      "state",
      "bank",
      "amount",
      "hour",
      "minute",
      "day_of_week",
      "is_night",
      "is_weekend",
      "account_age_days",
      "is_new_device",
      "is_new_state",
      "txn_count_1h",
      "txn_count_24h",
      "minutes_since_last_txn",
      "amount_zscore",
      "amount_vs_median",
      "amount_percentile",
      "is_round_amount"
    ],
    "fraud_rate_pct": 5.0,
    "model_results": {
      "xgboost": {
        "auc": 0.9999560000000001,
        "prauc": 0.999193480678169
      },
      "lightgbm": {
        "auc": 0.9999578947368422,
        "prauc": 0.9992505252408614
      },
      "random_forest": {
        "auc": 0.9998362105263159,
        "prauc": 0.9972569440870673
      },
      "isolation_forest": {
        "auc": 0.9655286315789474,
        "prauc": 0.8041477131223185
      },
      "neural_net": {
        "auc": 0.9983974736842105,
        "prauc": 0.980023848109523
      },
      "ensemble": {
        "auc": 0.9999507368421052,
        "prauc": 0.9991207282568353
      }
    },
    "ensemble_metrics": {
      "optimal_threshold": 0.6214,
      "precision": 0.9841,
      "recall": 0.992,
      "f1_score": 0.988,
      "false_positive_rate": 0.0008,
      "ks_statistic": 0.9947,
      "brier_score": 0.0011,
      "precision_at_95_recall": 0.9979,
      "confusion_matrix": {
        "tn": 9492,
        "fp": 8,
        "fn": 4,
        "tp": 496
      }
    },
    "meta_learner_weights": {
      "isolation_forest": 0.544848822695645,
      "lightgbm": 6.1001368351148315,
      "neural_net": 2.264166162689936,
      "random_forest": 3.520122755788758,
      "xgboost": 3.72118385612815
    },
    "feature_importance": {
      "category": 1.5384,
      "amount": 1.1446,
      "amount_percentile": 1.1392,
      "minute": 0.8832,
      "is_round_amount": 0.8388,
      "amount_vs_median": 0.6684,
      "account_age_days": 0.6075,
      "minutes_since_last_txn": 0.5952,
      "hour": 0.2285,
      "amount_zscore": 0.2072,
      "is_new_device": 0.191,
      "txn_count_1h": 0.1676,
      "is_new_state": 0.1056,
      "txn_count_24h": 0.0597,
      "day_of_week": 0.0396,
      "is_night": 0.0333,
      "state": 0.0239,
      "bank": 0.0158,
      "device": 0.0107,
      "is_weekend": 0.0
    },
    "training_time_seconds": 69.0
  },
  "roc_curve": [
    {
      "fpr": 0.0,
      "tpr": 0.0
    },
    {
      "fpr": 0.0,
      "tpr": 0.002
    },
    {
      "fpr": 0.0,
      "tpr": 0.928
    },
    {
      "fpr": 0.0001,
      "tpr": 0.928
    },
    {
      "fpr": 0.0001,
      "tpr": 0.96
    },
    {
      "fpr": 0.0002,
      "tpr": 0.96
    },
    {
      "fpr": 0.0002,
      "tpr": 0.97
    },
    {
      "fpr": 0.0004,
      "tpr": 0.97
    },
    {
      "fpr": 0.0004,
      "tpr": 0.974
    },
    {
      "fpr": 0.0005,
      "tpr": 0.974
    },
    {
      "fpr": 0.0005,
      "tpr": 0.984
    },
    {
      "fpr": 0.0006,
      "tpr": 0.984
    },
    {
      "fpr": 0.0006,
      "tpr": 0.988
    },
    {
      "fpr": 0.0008,
      "tpr": 0.988
    },
    {
      "fpr": 0.0008,
      "tpr": 0.992
    },
    {
      "fpr": 0.0013,
      "tpr": 0.992
    },
    {
      "fpr": 0.0013,
      "tpr": 0.996
    },
    {
      "fpr": 0.0038,
      "tpr": 0.996
    },
    {
      "fpr": 0.0038,
      "tpr": 0.998
    },
    {
      "fpr": 0.0092,
      "tpr": 0.998
    },
    {
      "fpr": 0.0092,
      "tpr": 1.0
    },
    {
      "fpr": 1.0,
      "tpr": 1.0
    }
  ],
  "pr_curve": [
    {
      "recall": 1.0,
      "precision": 0.05
    },
    {
      "recall": 1.0,
      "precision": 0.0505
    },
    {
      "recall": 1.0,
      "precision": 0.051
    },
    {
      "recall": 1.0,
      "precision": 0.0515
    },
    {
      "recall": 1.0,
      "precision": 0.0521
    },
    {
      "recall": 1.0,
      "precision": 0.0526
    },
    {
      "recall": 1.0,
      "precision": 0.0532
    },
    {
      "recall": 1.0,
      "precision": 0.0538
    },
    {
      "recall": 1.0,
      "precision": 0.0543
    },
    {
      "recall": 1.0,
      "precision": 0.0549
    },
    {
      "recall": 1.0,
      "precision": 0.0556
    },
    {
      "recall": 1.0,
      "precision": 0.0562
    },
    {
      "recall": 1.0,
      "precision": 0.0568
    },
    {
      "recall": 1.0,
      "precision": 0.0575
    },
    {
      "recall": 1.0,
      "precision": 0.0581
    },
    {
      "recall": 1.0,
      "precision": 0.0588
    },
    {
      "recall": 1.0,
      "precision": 0.0595
    },
    {
      "recall": 1.0,
      "precision": 0.0602
    },
    {
      "recall": 1.0,
      "precision": 0.061
    },
    {
      "recall": 1.0,
      "precision": 0.0617
    },
    {
      "recall": 1.0,
      "precision": 0.0625
    },
    {
      "recall": 1.0,
      "precision": 0.0633
    },
    {
      "recall": 1.0,
      "precision": 0.0641
    },
    {
      "recall": 1.0,
      "precision": 0.0649
    },
    {
      "recall": 1.0,
      "precision": 0.0658
    },
    {
      "recall": 1.0,
      "precision": 0.0667
    },
    {
      "recall": 1.0,
      "precision": 0.0676
    },
    {
      "recall": 1.0,
      "precision": 0.0685
    },
    {
      "recall": 1.0,
      "precision": 0.0694
    },
    {
      "recall": 1.0,
      "precision": 0.0704
    },
    {
      "recall": 1.0,
      "precision": 0.0714
    },
    {
      "recall": 1.0,
      "precision": 0.0725
    },
    {
      "recall": 1.0,
      "precision": 0.0735
    },
    {
      "recall": 1.0,
      "precision": 0.0746
    },
    {
      "recall": 1.0,
      "precision": 0.0758
    },
    {
      "recall": 1.0,
      "precision": 0.0769
    },
    {
      "recall": 1.0,
      "precision": 0.0781
    },
    {
      "recall": 1.0,
      "precision": 0.0794
    },
    {
      "recall": 1.0,
      "precision": 0.0806
    },
    {
      "recall": 1.0,
      "precision": 0.082
    },
    {
      "recall": 1.0,
      "precision": 0.0833
    },
    {
      "recall": 1.0,
      "precision": 0.0847
    },
    {
      "recall": 1.0,
      "precision": 0.0862
    },
    {
      "recall": 1.0,
      "precision": 0.0877
    },
    {
      "recall": 1.0,
      "precision": 0.0893
    },
    {
      "recall": 1.0,
      "precision": 0.0909
    },
    {
      "recall": 1.0,
      "precision": 0.0926
    },
    {
      "recall": 1.0,
      "precision": 0.0943
    },
    {
      "recall": 1.0,
      "precision": 0.0962
    },
    {
      "recall": 1.0,
      "precision": 0.098
    },
    {
      "recall": 1.0,
      "precision": 0.1
    },
    {
      "recall": 1.0,
      "precision": 0.102
    },
    {
      "recall": 1.0,
      "precision": 0.1042
    },
    {
      "recall": 1.0,
      "precision": 0.1064
    },
    {
      "recall": 1.0,
      "precision": 0.1087
    },
    {
      "recall": 1.0,
      "precision": 0.1111
    },
    {
      "recall": 1.0,
      "precision": 0.1136
    },
    {
      "recall": 1.0,
      "precision": 0.1163
    },
    {
      "recall": 1.0,
      "precision": 0.119
    },
    {
      "recall": 1.0,
      "precision": 0.122
    },
    {
      "recall": 1.0,
      "precision": 0.125
    },
    {
      "recall": 1.0,
      "precision": 0.1282
    },
    {
      "recall": 1.0,
      "precision": 0.1316
    },
    {
      "recall": 1.0,
      "precision": 0.1351
    },
    {
      "recall": 1.0,
      "precision": 0.1389
    },
    {
      "recall": 1.0,
      "precision": 0.1429
    },
    {
      "recall": 1.0,
      "precision": 0.1471
    },
    {
      "recall": 1.0,
      "precision": 0.1515
    },
    {
      "recall": 1.0,
      "precision": 0.1562
    },
    {
      "recall": 1.0,
      "precision": 0.1613
    },
    {
      "recall": 1.0,
      "precision": 0.1667
    },
    {
      "recall": 1.0,