{
  "meta": {
    "dataset_size": 49999,
    "training_samples": 39999,
    "test_samples": 10000,
    "n_features": 20,
    "feature_cols": [
      "category",
      "device",
      "state",
      "bank",
      "amount",
      "hour",
      "minute",
      "day_of_week",
      "is_night",
      "is_weekend",
      "account_age_days",
      "is_new_device",
      "is_new_state",
      "txn_count_1h",
      "txn_count_24h",
      "minutes_since_last_txn",
      "amount_zscore",
      "amount_vs_median",
      "amount_percentile",
      "is_round_amount"
    ],
    "fraud_rate_pct": 5.0,
    "model_results": {
      "xgboost": {
        "auc": 0.9999227635257718,
        "prauc": 0.9984669394508223
      },
      "lightgbm": {
        "auc": 0.9999341009898788,
        "prauc": 0.9986671439981692
      },
      "random_forest": {
        "auc": 0.9997971066319205,
        "prauc": 0.9963546342505946
      },
      "isolation_forest": {
        "auc": 0.9592026078057024,
        "prauc": 0.7788380400758074
      },
      "neural_net": {
        "auc": 0.9988303516196394,
        "prauc": 0.984293197405103
      },
      "ensemble": {
        "auc": 0.9999187481739006,
        "prauc": 0.9984106101227179
      }
    },
    "ensemble_metrics": {
      "optimal_threshold": 0.7037,
      "precision": 0.9864,
      "recall": 0.9842,
      "f1_score": 0.9853,
      "false_positive_rate": 0.0006,
      "ks_statistic": 0.9924,
      "brier_score": 0.0014,
      "expected_calibration_error": 0.2202,
      "precision_at_95_recall": 1.0,
      "confusion_matrix": {
        "tn": 9551,
        "fp": 6,
        "fn": 7,
        "tp": 436
      }
    },
    "meta_learner_weights": {
      "isolation_forest": 0.6455394071511944,
      "lightgbm": 5.975341717897179,
      "neural_net": 2.4856775589791757,
      "random_forest": 3.5241195347251066,
      "xgboost": 3.6402799826923675
    },
    "feature_importance": {
      "category": 1.9848,
      "amount_percentile": 1.5416,
      "minute": 1.4375,
      "amount": 0.9526,
      "is_round_amount": 0.9378,
      "account_age_days": 0.7293,
      "minutes_since_last_txn": 0.5027,
      "hour": 0.4911,
      "amount_vs_median": 0.4903,
      "is_new_device": 0.4895,
      "amount_zscore": 0.4356,
      "is_night": 0.2226,
      "txn_count_1h": 0.1727,
      "is_new_state": 0.1262,
      "state": 0.0799,
      "day_of_week": 0.0694,
      "bank": 0.0387,
      "txn_count_24h": 0.0254,
      "device": 0.0226,
      "is_weekend": 0.0
    },
    "training_time_seconds": 57.9
  },
  "roc_curve": [
    {
      "fpr": 0.0,
      "tpr": 0.0
    },
    {
      "fpr": 0.0,
      "tpr": 0.0023
    },
    {
      "fpr": 0.0,
      "tpr": 0.9661
    },
    {
      "fpr": 0.0001,
      "tpr": 0.9661
    },
    {
      "fpr": 0.0001,
      "tpr": 0.9707
    },
    {
      "fpr": 0.0002,
      "tpr": 0.9707
    },
    {
      "fpr": 0.0002,
      "tpr": 0.9729
    },
    {
      "fpr": 0.0004,
      "tpr": 0.9729
    },
    {
      "fpr": 0.0004,
      "tpr": 0.9752
    },
    {
      "fpr": 0.0005,
      "tpr": 0.9752
    },
    {
      "fpr": 0.0005,
      "tpr": 0.9797
    },
    {
      "fpr": 0.0006,
      "tpr": 0.9797
    },
    {
      "fpr": 0.0006,
      "tpr": 0.9842
    },
    {
      "fpr": 0.001,
      "tpr": 0.9842
    },
    {
      "fpr": 0.001,
      "tpr": 0.9865
    },
    {
      "fpr": 0.0027,
      "tpr": 0.9865
    },
    {
      "fpr": 0.0027,
      "tpr": 0.9887
    },
    {
      "fpr": 0.0047,
      "tpr": 0.9887
    },
    {
      "fpr": 0.0047,
      "tpr": 0.9932
    },
    {
      "fpr": 0.0052,
      "tpr": 0.9932
    },
    {
      "fpr": 0.0052,
      "tpr": 0.9955
    },
    {
      "fpr": 0.0068,
      "tpr": 0.9955
    },
    {
      "fpr": 0.0068,
      "tpr": 0.9977
    },
    {
      "fpr": 0.0076,
      "tpr": 0.9977
    },
    {
      "fpr": 0.0076,
      "tpr": 1.0
    },
    {
      "fpr": 1.0,
      "tpr": 1.0
    }
  ],
  "pr_curve": [
    {
      "recall": 1.0,
      "precision": 0.0443
    },
    {
      "recall": 1.0,
      "precision": 0.0447
    },
    {
      "recall": 1.0,
      "precision": 0.0452
    },
    {
      "recall": 1.0,
      "precision": 0.0457
    },
    {
      "recall": 1.0,
      "precision": 0.0461
    },
    {
      "recall": 1.0,
      "precision": 0.0466
    },
    {
      "recall": 1.0,
      "precision": 0.0471
    },
    {
      "recall": 1.0,
      "precision": 0.0476
    },
    {
      "recall": 1.0,
      "precision": 0.0482
    },
    {
      "recall": 1.0,
      "precision": 0.0487
    },
    {
      "recall": 1.0,
      "precision": 0.0492
    },
    {
      "recall": 1.0,
      "precision": 0.0498
    },
    {
      "recall": 1.0,
      "precision": 0.0503
    },
    {
      "recall": 1.0,
      "precision": 0.0509
    },
    {
      "recall": 1.0,
      "precision": 0.0515
    },
    {
      "recall": 1.0,
      "precision": 0.0521
    },
    {
      "recall": 1.0,
      "precision": 0.0527
    },
    {
      "recall": 1.0,
      "precision": 0.0534
    },
    {
      "recall": 1.0,
      "precision": 0.054
    },
    {
      "recall": 1.0,
      "precision": 0.0547
    },
    {
      "recall": 1.0,
      "precision": 0.0554
    },
    {
      "recall": 1.0,
      "precision": 0.0561
    },
    {
      "recall": 1.0,
      "precision": 0.0568
    },
    {
      "recall": 1.0,
      "precision": 0.0575
    },
    {
      "recall": 1.0,
      "precision": 0.0583
    },
    {
      "recall": 1.0,
      "precision": 0.0591
    },
    {
      "recall": 1.0,
      "precision": 0.0599
    },
    {
      "recall": 1.0,
      "precision": 0.0607
    },
    {
      "recall": 1.0,
      "precision": 0.0615
    },
    {
      "recall": 1.0,
      "precision": 0.0624
    },
    {
      "recall": 1.0,
      "precision": 0.0633
    },
    {
      "recall": 1.0,
      "precision": 0.0642
    },
    {
      "recall": 1.0,
      "precision": 0.0651
    },
    {
      "recall": 1.0,
      "precision": 0.0661
    },
    {
      "recall": 1.0,
      "precision": 0.0671
    },
    {
      "recall": 1.0,
      "precision": 0.0682
    },
    {
      "recall": 1.0,
      "precision": 0.0692
    },
    {
      "recall": 1.0,
      "precision": 0.0703
    },
    {
      "recall": 1.0,
      "precision": 0.0715
    },
    {
      "recall": 1.0,
      "precision": 0.0726
    },
    {
      "recall": 1.0,
      "precision": 0.0738
    },
    {
      "recall": 1.0,
      "precision": 0.0751
    },
    {
      "recall": 1.0,
      "precision": 0.0764
    },
    {
      "recall": 1.0,
      "precision": 0.0777
    },
    {
      "recall": 1.0,
      "precision": 0.0791
    },
    {
      "recall": 1.0,
      "precision": 0.0805
    },
    {
      "recall": 1.0,
      "precision": 0.082
    },
    {
      "recall": 1.0,
      "precision": 0.0836
    },
    {
      "recall": 1.0,
      "precision": 0.0852
    },
    {
      "recall": 1.0,
      "precision": 0.0869
    },
    {
      "recall": 1.0,
      "precision": 0.0886
    },
    {
      "recall": 1.0,
      "precision": 0.0904
    },
    {
      "recall": 1.0,
      "precision": 0.0923
    },
    {
      "recall": 1.0,
      "precision": 0.0943
    },
    {
      "recall": 1.0,
      "precision": 0.0963
    },
    {
      "recall": 1.0,
      "precision": 0.0984
    },
    {
      "recall": 1.0,
      "precision": 0.1007
    },
    {
      "recall": 1.0,
      "precision": 0.103
    },
    {
      "recall": 1.0,
      "precision": 0.1055
    },
    {
      "recall": 1.0,
      "precision": 0.108
    },
    {
      "recall": 1.0,
      "precision": 0.1108
    },
    {
      "recall": 1.0,
      "precision": 0.1136
    },
    {
      "recall": 1.0,
      "precision": 0.1166
    },
    {
      "recall": 1.0,
      "precision": 0.1197
    },
    {
      "recall": 1.0,
      "precision": 0.1231
    },
    {
      "recall": 1.0,
      "precision": 0.1266
    },
    {
      "recall": 1.0,